{"durations": [0.6441123485565186, 0.6360719203948975, 0.6239602565765381, 0.6578361988067627, 0.6966214179992676, 0.7952418327331543, 1.0049612522125244, 1.3500497341156006, 2.33392596244812, 4.719951868057251], "throughputs": [77.62620932831359, 157.2149261641926, 320.53323571814224, 608.0541033247378, 1148.399947704222, 2011.9665919749027, 3184.202368951912, 4740.56609787976, 5484.321356352591, 5423.784122302301], "latencies": [0.01288224697113037, 0.01272143840789795, 0.012479205131530762, 0.013156723976135255, 0.01393242835998535, 0.015904836654663086, 0.020099225044250487, 0.027000994682312013, 0.0466785192489624, 0.09439903736114502], "batch_sizes": [1, 2, 4, 8, 16, 32, 64, 128, 256, 512], "prompts": ["Hello, my name is", "The president of the United States is", "The capital of France is", "The future of AI is"], "max_tokens": 50}